[
{
  "model": "auth.user",
  "pk": 1,
  "fields": {
    "password": "pbkdf2_sha256$870000$jyg6tqTOuwZoNv1GyNmVDh$nF3vESbg5oV179V98nr/hvFErPR7w5chAqYIVu5jgy8=",
    "last_login": "2026-04-29T19:34:42.277Z",
    "is_superuser": true,
    "username": "Edward_Fonseca",
    "first_name": "",
    "last_name": "",
    "email": "edwardf5432@gmail.com",
    "is_staff": true,
    "is_active": true,
    "date_joined": "2026-04-24T04:13:21.465Z",
    "groups": [],
    "user_permissions": []
  }
},
{
  "model": "auth.user",
  "pk": 2,
  "fields": {
    "password": "pbkdf2_sha256$1200000$EhezjKXwavfTZT7BOOSuuT$dh5mGqXFrn54ns3IaHWuikAqUJj7wJKmA0DwDeYL+0w=",
    "last_login": "2026-04-24T04:51:45.392Z",
    "is_superuser": false,
    "username": "camipenagoz345@gmail.com",
    "first_name": "",
    "last_name": "",
    "email": "camipenagoz345@gmail.com",
    "is_staff": false,
    "is_active": true,
    "date_joined": "2026-04-24T04:47:52.255Z",
    "groups": [],
    "user_permissions": []
  }
},
{
  "model": "auth.user",
  "pk": 3,
  "fields": {
    "password": "pbkdf2_sha256$1200000$W7ksGdB5Y1dJUWxqFJvFWS$PpipIYB8lquBx7Jf9oMgPEssCz0499I2O59bcg5N43E=",
    "last_login": "2026-04-25T03:45:38.996Z",
    "is_superuser": false,
    "username": "Alvaro@gmail.com",
    "first_name": "",
    "last_name": "",
    "email": "Alvaro@gmail.com",
    "is_staff": false,
    "is_active": true,
    "date_joined": "2026-04-25T01:18:04.978Z",
    "groups": [],
    "user_permissions": []
  }
},
{
  "model": "auth.user",
  "pk": 4,
  "fields": {
    "password": "pbkdf2_sha256$1200000$rubFucPszpOcHRESh4QvTt$54Gmiqxsr+PhWYTnK4RrDNzelK2hloyzrDjPk46+7YI=",
    "last_login": null,
    "is_superuser": false,
    "username": "carlos@test.com",
    "first_name": "",
    "last_name": "",
    "email": "carlos@test.com",
    "is_staff": false,
    "is_active": true,
    "date_joined": "2026-04-25T01:28:36.501Z",
    "groups": [],
    "user_permissions": []
  }
},
{
  "model": "auth.user",
  "pk": 5,
  "fields": {
    "password": "pbkdf2_sha256$1200000$3uTyDE4iQVVlBbdLvrm1dP$6ccxfofUe2CMPp1J/INnOtguMpAQ8XV9PkGZzxxiir0=",
    "last_login": null,
    "is_superuser": false,
    "username": "maria@test.com",
    "first_name": "",
    "last_name": "",
    "email": "maria@test.com",
    "is_staff": false,
    "is_active": true,
    "date_joined": "2026-04-25T01:28:42.195Z",
    "groups": [],
    "user_permissions": []
  }
},
{
  "model": "auth.user",
  "pk": 6,
  "fields": {
    "password": "pbkdf2_sha256$1200000$r17n4zsjvU6882ZKzt75Sf$i1c9EGw6mcfV30qZpFajWms4KLqNT6ILl4eFw8UGZrk=",
    "last_login": null,
    "is_superuser": false,
    "username": "luis@test.com",
    "first_name": "",
    "last_name": "",
    "email": "luis@test.com",
    "is_staff": false,
    "is_active": true,
    "date_joined": "2026-04-25T01:28:47.777Z",
    "groups": [],
    "user_permissions": []
  }
},
{
  "model": "auth.user",
  "pk": 7,
  "fields": {
    "password": "pbkdf2_sha256$1200000$ZFifbeBHwvFBPMmJiKvCKq$EhpyQDwwVe5sxRSivfOiO6VRbnx1xM8YOCayvCyffTg=",
    "last_login": null,
    "is_superuser": false,
    "username": "ana@test.com",
    "first_name": "",
    "last_name": "",
    "email": "ana@test.com",
    "is_staff": false,
    "is_active": true,
    "date_joined": "2026-04-25T01:28:53.835Z",
    "groups": [],
    "user_permissions": []
  }
},
{
  "model": "auth.user",
  "pk": 8,
  "fields": {
    "password": "pbkdf2_sha256$1200000$Tyx1EDJenOYDNGCTTm9xcC$lA/g0YR5gk3ub0xnE7bAru6g/UAas5bq9b3CNoCaVRE=",
    "last_login": "2026-04-26T04:44:14.779Z",
    "is_superuser": false,
    "username": "eo3456@gmail.com",
    "first_name": "",
    "last_name": "",
    "email": "eo3456@gmail.com",
    "is_staff": false,
    "is_active": true,
    "date_joined": "2026-04-25T21:56:24.899Z",
    "groups": [],
    "user_permissions": []
  }
},
{
  "model": "auth.user",
  "pk": 9,
  "fields": {
    "password": "pbkdf2_sha256$1200000$J7kwNNRRboppZbGyVP3xtw$maFjM3Ex/s8Zg62BeiZ4d1+DdJaF4Vn2LFzNx2D8oDo=",
    "last_login": null,
    "is_superuser": false,
    "username": "johansebastian18@gmail.com",
    "first_name": "",
    "last_name": "",
    "email": "johansebastian18@gmail.com",
    "is_staff": false,
    "is_active": true,
    "date_joined": "2026-04-26T04:36:20.084Z",
    "groups": [],
    "user_permissions": []
  }
},
{
  "model": "sessions.session",
  "pk": "ooc5emh8bdmzdj7ihj0jxr69erog1frm",
  "fields": {
    "session_data": ".eJxVjM0KgkAURt9l1iHO1RnHlpEhZQRFmzYyP9fUUsEZIYnePQU3br9zzvclubZ94boXtmRL6ix94Olw3N_pp72MzWhCd00hkUmYqRs2ZENyObgyHyz2eWWmhK43JfV0NQNTy_bZebprXV8pb1a8hVrv3Bl87xZ3dVBKW061kBGiZAABUwEXhoUhMjBCMAogtC544XPBI0AjjIoZjXjMgKJiUax98MnvD_5fRtU:1wHSgO:sOTXniVN2_HQ7xh6nFs__-7BMj8nO8mq5a435qeU14c",
    "expire_date": "2026-05-11T20:35:56.145Z"
  }
},
{
  "model": "sessions.session",
  "pk": "z26q4ur3ch6yvx5c8krocsfvq0sucxp5",
  "fields": {
    "session_data": ".eJxVjEEOwiAQRe_C2hCYdmBw6d4zEGCmUjVtUtqV8e7apAvd_vfef6mYtrXGrckSR1ZnZdXpd8upPGTaAd_TdJt1mad1GbPeFX3Qpq8zy_NyuH8HNbX6rSl5kYQAHebOEWPfCwIToQWgUgY3GEfOgzBxDmi9CwhWMvpQDBj1_gDNazb5:1wGUYh:vMWj7ppMcDAodzQ8xNEboxeTEPhGiI1OeLbbalwrFds",
    "expire_date": "2026-05-09T04:23:59.460Z"
  }
},
{
  "model": "usuarios.usuario",
  "pk": 1,
  "fields": {
    "user": 1,
    "rol": "admin",
    "nombres": "Edward",
    "apellidos": "Fonseca",
    "telefono": "321 2510998",
    "foto_perfil": "perfiles/descargar_6.jpg",
    "tipo_documento": "CC",
    "documento": "1052389613",
    "estado": "activo",
    "sincronizado": true
  }
},
{
  "model": "usuarios.usuario",
  "pk": 2,
  "fields": {
    "user": 2,
    "rol": "conductor",
    "nombres": "Iván_Camilo",
    "apellidos": "Penagoz Gonzales",
    "telefono": "321 9166308",
    "foto_perfil": "",
    "tipo_documento": "CC",
    "documento": "19283912831",
    "estado": "activo",
    "sincronizado": true
  }
},
{
  "model": "usuarios.usuario",
  "pk": 3,
  "fields": {
    "user": 3,
    "rol": "cliente",
    "nombres": "Alvaro",
    "apellidos": "Sanchez",
    "telefono": "",
    "foto_perfil": "",
    "tipo_documento": "CC",
    "documento": "12345678",
    "estado": "activo",
    "sincronizado": true
  }
},
{
  "model": "usuarios.usuario",
  "pk": 4,
  "fields": {
    "user": 4,
    "rol": "cliente",
    "nombres": "Carlos",
    "apellidos": "Perez",
    "telefono": "",
    "foto_perfil": "",
    "tipo_documento": "CC",
    "documento": "1171169",
    "estado": "activo",
    "sincronizado": true
  }
},
{
  "model": "usuarios.usuario",
  "pk": 6,
  "fields": {
    "user": 6,
    "rol": "conductor",
    "nombres": "Luis",
    "apellidos": "Rodriguez",
    "telefono": "",
    "foto_perfil": "",
    "tipo_documento": "CC",
    "documento": "6349169",
    "estado": "activo",
    "sincronizado": true
  }
},
{
  "model": "usuarios.usuario",
  "pk": 7,
  "fields": {
    "user": 7,
    "rol": "cliente",
    "nombres": "Ana",
    "apellidos": "Martinez",
    "telefono": "",
    "foto_perfil": "",
    "tipo_documento": "CC",
    "documento": "6705906",
    "estado": "activo",
    "sincronizado": true
  }
},
{
  "model": "usuarios.usuario",
  "pk": 8,
  "fields": {
    "user": 8,
    "rol": "admin",
    "nombres": "Juanito",
    "apellidos": "Ochoa",
    "telefono": "304 3493398",
    "foto_perfil": "",
    "tipo_documento": "CC",
    "documento": "1852345289",
    "estado": "activo",
    "sincronizado": true
  }
},
{
  "model": "usuarios.usuario",
  "pk": 9,
  "fields": {
    "user": 9,
    "rol": "admin",
    "nombres": "Jhoan Sebastian",
    "apellidos": "Rodriguez Rodriguez",
    "telefono": "311 3969320",
    "foto_perfil": "",
    "tipo_documento": "CC",
    "documento": "1052987345",
    "estado": "activo",
    "sincronizado": true
  }
},
{
  "model": "usuarios.vehiculo",
  "pk": 1,
  "fields": {
    "placa": "HGE312",
    "tipo": "Bolqueta",
    "capacidad": "180",
    "tipo_adquisicion": "propio",
    "estado": "en_ruta",
    "sincronizado": true,
    "conductor": 2
  }
},
{
  "model": "usuarios.vehiculo",
  "pk": 2,
  "fields": {
    "placa": "JIK456",
    "tipo": "Camión Sencillo",
    "capacidad": "120",
    "tipo_adquisicion": "alquilado",
    "estado": "alquilado",
    "sincronizado": true,
    "conductor": null
  }
},
{
  "model": "usuarios.vehiculo",
  "pk": 3,
  "fields": {
    "placa": "KLO789",
    "tipo": "Mixer Concreto",
    "capacidad": "250",
    "tipo_adquisicion": "propio",
    "estado": "disponible",
    "sincronizado": true,
    "conductor": null
  }
},
{
  "model": "usuarios.vehiculo",
  "pk": 4,
  "fields": {
    "placa": "OLD999",
    "tipo": "Camioneta Estacas",
    "capacidad": "60",
    "tipo_adquisicion": "propio",
    "estado": "desactivado",
    "sincronizado": true,
    "conductor": null
  }
},
{
  "model": "usuarios.proveedor",
  "pk": 1,
  "fields": {
    "nombre_empresa": "Cemex Colombia",
    "nit": "800.032.124-5",
    "contacto_nombre": "Juan Castro",
    "telefono": "3101234567",
    "email": "ventas@cemex.com",
    "direccion": "Zona Industrial Bogotá",
    "categoria": "Cemento y Concreto",
    "fecha_registro": "2026-04-26T02:28:42.711Z",
    "sincronizado": true
  }
},
{
  "model": "usuarios.proveedor",
  "pk": 2,
  "fields": {
    "nombre_empresa": "Aceros Diaco",
    "nit": "900.555.222-1",
    "contacto_nombre": "Marta Herrera",
    "telefono": "3209876543",
    "email": "compras@diaco.com",
    "direccion": "Tuta, Boyacá",
    "categoria": "Acero y Hierro",
    "fecha_registro": "2026-04-26T02:28:42.894Z",
    "sincronizado": true
  }
},
{
  "model": "usuarios.proveedor",
  "pk": 3,
  "fields": {
    "nombre_empresa": "Holcim",
    "nit": "860.000.123-9",
    "contacto_nombre": "Pedro Picapiedra",
    "telefono": "3001112233",
    "email": "contacto@holcim.co",
    "direccion": "Sogamoso",
    "categoria": "Agregados y Cemento",
    "fecha_registro": "2026-04-26T02:28:42.973Z",
    "sincronizado": true
  }
},
{
  "model": "usuarios.material",
  "pk": 1,
  "fields": {
    "nombre": "Cemento Argus",
    "tipo": "Cemento",
    "descripcion": "Bulto de cemento gris",
    "precio": "60000.00",
    "sincronizado": true
  }
},
{
  "model": "usuarios.material",
  "pk": 2,
  "fields": {
    "nombre": "Arena de Rio",
    "tipo": "Arena",
    "descripcion": "Arena fina para acabados",
    "precio": "12500.00",
    "sincronizado": true
  }
},
{
  "model": "usuarios.material",
  "pk": 3,
  "fields": {
    "nombre": "Varilla 1/2",
    "tipo": "Herramientas",
    "descripcion": "Varilla corrugada de refuerzo",
    "precio": "11440.00",
    "sincronizado": true
  }
},
{
  "model": "usuarios.material",
  "pk": 4,
  "fields": {
    "nombre": "Piedra Triturada",
    "tipo": "Ladrillo",
    "descripcion": "Grava para concreto",
    "precio": "17350.00",
    "sincronizado": true
  }
},
{
  "model": "usuarios.material",
  "pk": 5,
  "fields": {
    "nombre": "Ladrillo Común",
    "tipo": "Ladrillo",
    "descripcion": "Ladrillo de arcilla cocida",
    "precio": "12810.00",
    "sincronizado": true
  }
},
{
  "model": "usuarios.material",
  "pk": 6,
  "fields": {
    "nombre": "Cemento Gris 50kg",
    "tipo": "Agregados",
    "descripcion": "Bulto de cemento tipo I",
    "precio": "28500.00",
    "sincronizado": true
  }
},
{
  "model": "usuarios.material",
  "pk": 7,
  "fields": {
    "nombre": "Varilla 1/2 pulgada",
    "tipo": "Acero",
    "descripcion": "Varilla corrugada de 6 metros",
    "precio": "45000.00",
    "sincronizado": true
  }
},
{
  "model": "usuarios.material",
  "pk": 8,
  "fields": {
    "nombre": "Arena de Río",
    "tipo": "Agregados",
    "descripcion": "Metro cúbico de arena lavada",
    "precio": "65000.00",
    "sincronizado": true
  }
},
{
  "model": "usuarios.stock",
  "pk": 1,
  "fields": {
    "material": 1,
    "cantidad": 120,
    "ubicacion": "Bodega Principal",
    "ultima_actualizacion": "2026-04-25T02:57:11.801Z"
  }
},
{
  "model": "usuarios.stock",
  "pk": 2,
  "fields": {
    "material": 2,
    "cantidad": 410,
    "ubicacion": "Bodega Principal",
    "ultima_actualizacion": "2026-04-25T02:56:24.700Z"
  }
},
{
  "model": "usuarios.stock",
  "pk": 3,
  "fields": {
    "material": 3,
    "cantidad": 20,
    "ubicacion": "Bodega Principal",
    "ultima_actualizacion": "2026-04-25T02:57:11.817Z"
  }
},
{
  "model": "usuarios.stock",
  "pk": 4,
  "fields": {
    "material": 4,
    "cantidad": 500,
    "ubicacion": "Bodega Principal",
    "ultima_actualizacion": "2026-04-25T02:54:53.602Z"
  }
},
{
  "model": "usuarios.stock",
  "pk": 5,
  "fields": {
    "material": 5,
    "cantidad": 350,
    "ubicacion": "Bodega Principal",
    "ultima_actualizacion": "2026-04-25T02:54:24.753Z"
  }
},
{
  "model": "usuarios.stock",
  "pk": 6,
  "fields": {
    "material": 6,
    "cantidad": 0,
    "ubicacion": "Bodega Principal",
    "ultima_actualizacion": "2026-04-26T02:28:43.065Z"
  }
},
{
  "model": "usuarios.stock",
  "pk": 7,
  "fields": {
    "material": 7,
    "cantidad": 0,
    "ubicacion": "Bodega Principal",
    "ultima_actualizacion": "2026-04-26T02:28:43.190Z"
  }
},
{
  "model": "usuarios.stock",
  "pk": 8,
  "fields": {
    "material": 8,
    "cantidad": 0,
    "ubicacion": "Bodega Principal",
    "ultima_actualizacion": "2026-04-26T02:28:43.508Z"
  }
},
{
  "model": "usuarios.notificacion",
  "pk": 1,
  "fields": {
    "usuario": 1,
    "titulo": "Nueva notificación",
    "mensaje": "Nuevo pago registrado de Alvaro Sanchez por $8000 para la Factura F-000001",
    "tipo": "info",
    "leida": false,
    "fecha": "2026-04-25T03:04:42.195Z",
    "link": "/facturacion/"
  }
},
{
  "model": "usuarios.notificacion",
  "pk": 2,
  "fields": {
    "usuario": 1,
    "titulo": "Nueva notificación",
    "mensaje": "Nuevo pago registrado de Alvaro Sanchez por $10039 para la Factura F-000001",
    "tipo": "info",
    "leida": false,
    "fecha": "2026-04-25T03:06:13.912Z",
    "link": "/facturacion/"
  }
},
{
  "model": "usuarios.notificacion",
  "pk": 3,
  "fields": {
    "usuario": 1,
    "titulo": "Nueva notificación",
    "mensaje": "Nuevo pago registrado de Alvaro Sanchez por $100000 para la Factura F-000001",
    "tipo": "info",
    "leida": false,
    "fecha": "2026-04-25T03:42:00.772Z",
    "link": "/facturacion/"
  }
},
{
  "model": "usuarios.notificacion",
  "pk": 4,
  "fields": {
    "usuario": 1,
    "titulo": "Nueva notificación",
    "mensaje": "Nuevo pago registrado de Alvaro Sanchez por $99.000 para la Factura F-000001",
    "tipo": "info",
    "leida": true,
    "fecha": "2026-04-25T03:42:19.460Z",
    "link": "/facturacion/"
  }
},
{
  "model": "usuarios.notificacion",
  "pk": 5,
  "fields": {
    "usuario": 1,
    "titulo": "Nueva notificación",
    "mensaje": "Nuevo pago registrado de Alvaro Sanchez por $99000 para la Factura F-000001",
    "tipo": "info",
    "leida": true,
    "fecha": "2026-04-25T03:42:48.780Z",
    "link": "/facturacion/"
  }
},
{
  "model": "usuarios.notificacion",
  "pk": 6,
  "fields": {
    "usuario": 1,
    "titulo": "Nueva notificación",
    "mensaje": "Nuevo pago registrado de Alvaro Sanchez por $21710 para la Factura F-000001",
    "tipo": "info",
    "leida": true,
    "fecha": "2026-04-25T03:43:24.213Z",
    "link": "/facturacion/"
  }
},
{
  "model": "usuarios.notificacion",
  "pk": 7,
  "fields": {
    "usuario": 1,
    "titulo": "Nueva notificación",
    "mensaje": "Nuevo pago registrado de Alvaro Sanchez por $238848 para la Factura F-000001",
    "tipo": "info",
    "leida": true,
    "fecha": "2026-04-25T03:43:53.929Z",
    "link": "/facturacion/"
  }
},
{
  "model": "usuarios.notificacion",
  "pk": 8,
  "fields": {
    "usuario": 1,
    "titulo": "Nueva notificación",
    "mensaje": "Nuevo pago registrado de Alvaro Sanchez por $9569504 para la Factura F-000001",
    "tipo": "info",
    "leida": true,
    "fecha": "2026-04-25T03:44:28.032Z",
    "link": "/facturacion/"
  }
},
{
  "model": "usuarios.notificacion",
  "pk": 9,
  "fields": {
    "usuario": 1,
    "titulo": "Nueva notificación",
    "mensaje": "Nuevo pago registrado de Alvaro Sanchez por $100000.00 para la Factura F-000001",
    "tipo": "info",
    "leida": false,
    "fecha": "2026-04-25T22:32:37.131Z",
    "link": "/facturacion/"
  }
},
{
  "model": "usuarios.notificacion",
  "pk": 10,
  "fields": {
    "usuario": 1,
    "titulo": "Nueva notificación",
    "mensaje": "Nuevo pago registrado de Alvaro Sanchez por $99.00 para la Factura F-000001",
    "tipo": "info",
    "leida": true,
    "fecha": "2026-04-25T22:32:37.439Z",
    "link": "/facturacion/"
  }
},
{
  "model": "usuarios.notificacion",
  "pk": 11,
  "fields": {
    "usuario": 1,
    "titulo": "Nueva notificación",
    "mensaje": "Nuevo pago registrado de Alvaro Sanchez por $99000.00 para la Factura F-000001",
    "tipo": "info",
    "leida": true,
    "fecha": "2026-04-25T22:32:37.747Z",
    "link": "/facturacion/"
  }
},
{
  "model": "usuarios.notificacion",
  "pk": 12,
  "fields": {
    "usuario": 1,
    "titulo": "Nueva notificación",
    "mensaje": "Nuevo pago registrado de Alvaro Sanchez por $21710.00 para la Factura F-000001",
    "tipo": "info",
    "leida": true,
    "fecha": "2026-04-25T22:32:38.064Z",
    "link": "/facturacion/"
  }
},
{
  "model": "usuarios.notificacion",
  "pk": 13,
  "fields": {
    "usuario": 1,
    "titulo": "Nueva notificación",
    "mensaje": "Nuevo pago registrado de Alvaro Sanchez por $238848.00 para la Factura F-000001",
    "tipo": "info",
    "leida": true,
    "fecha": "2026-04-25T22:32:38.373Z",
    "link": "/facturacion/"
  }
},
{
  "model": "usuarios.notificacion",
  "pk": 14,
  "fields": {
    "usuario": 1,
    "titulo": "Nueva notificación",
    "mensaje": "Nuevo pago registrado de Alvaro Sanchez por $9569504.00 para la Factura F-000001",
    "tipo": "info",
    "leida": true,
    "fecha": "2026-04-25T22:32:38.680Z",
    "link": "/facturacion/"
  }
},
{
  "model": "clientes.cliente",
  "pk": 2,
  "fields": {
    "usuario": 3,
    "nit_rut": "700.555.444-9",
    "razon_social": "Inversiones Alvaro",
    "direccion_fiscal": "Av. Siempre Viva 123",
    "ciudad": "Bogotá",
    "telefono_contacto": null,
    "email_empresa": null,
    "fecha_registro": "2026-04-25T01:18:08.146Z"
  }
},
{
  "model": "clientes.cliente",
  "pk": 3,
  "fields": {
    "usuario": 4,
    "nit_rut": "800.123.456-1",
    "razon_social": "Constructora Perez SAS",
    "direccion_fiscal": "Calle 79 # 79",
    "ciudad": "Bogotá",
    "telefono_contacto": null,
    "email_empresa": null,
    "fecha_registro": "2026-04-25T01:28:41.815Z"
  }
},
{
  "model": "clientes.cliente",
  "pk": 4,
  "fields": {
    "usuario": 7,
    "nit_rut": "900.987.654-2",
    "razon_social": "Ferretería Ana",
    "direccion_fiscal": "Calle 35 # 72",
    "ciudad": "Bogotá",
    "telefono_contacto": null,
    "email_empresa": null,
    "fecha_registro": "2026-04-25T01:29:00.660Z"
  }
},
{
  "model": "clientes.cliente",
  "pk": 5,
  "fields": {
    "usuario": 8,
    "nit_rut": null,
    "razon_social": null,
    "direccion_fiscal": null,
    "ciudad": null,
    "telefono_contacto": null,
    "email_empresa": null,
    "fecha_registro": "2026-04-25T21:56:27.298Z"
  }
},
{
  "model": "inventario.movimientoinventario",
  "pk": 1,
  "fields": {
    "material": 2,
    "tipo": "entrada",
    "cantidad": 490,
    "motivo": "Falta de material\r\n",
    "referencia_id": null,
    "usuario": 1,
    "fecha": "2026-04-25T03:12:35.601Z",
    "sincronizado": true
  }
},
{
  "model": "inventario.movimientoinventario",
  "pk": 2,
  "fields": {
    "material": 1,
    "tipo": "entrada",
    "cantidad": 200,
    "motivo": "falta de material",
    "referencia_id": null,
    "usuario": 1,
    "fecha": "2026-04-25T03:12:35.405Z",
    "sincronizado": true
  }
},
{
  "model": "inventario.movimientoinventario",
  "pk": 3,
  "fields": {
    "material": 5,
    "tipo": "entrada",
    "cantidad": 350,
    "motivo": "falta de material",
    "referencia_id": null,
    "usuario": 1,
    "fecha": "2026-04-25T03:12:35.217Z",
    "sincronizado": true
  }
},
{
  "model": "inventario.movimientoinventario",
  "pk": 4,
  "fields": {
    "material": 4,
    "tipo": "entrada",
    "cantidad": 500,
    "motivo": "falta de material",
    "referencia_id": null,
    "usuario": 1,
    "fecha": "2026-04-25T03:12:35.028Z",
    "sincronizado": true
  }
},
{
  "model": "inventario.movimientoinventario",
  "pk": 5,
  "fields": {
    "material": 3,
    "tipo": "entrada",
    "cantidad": 50,
    "motivo": "falta de material",
    "referencia_id": null,
    "usuario": 1,
    "fecha": "2026-04-25T03:12:34.827Z",
    "sincronizado": true
  }
},
{
  "model": "inventario.movimientoinventario",
  "pk": 6,
  "fields": {
    "material": 2,
    "tipo": "salida",
    "cantidad": 80,
    "motivo": "orden #1",
    "referencia_id": 1,
    "usuario": 3,
    "fecha": "2026-04-25T03:12:34.627Z",
    "sincronizado": true
  }
},
{
  "model": "inventario.movimientoinventario",
  "pk": 7,
  "fields": {
    "material": 1,
    "tipo": "salida",
    "cantidad": 80,
    "motivo": "orden #2",
    "referencia_id": 2,
    "usuario": 3,
    "fecha": "2026-04-25T03:12:34.435Z",
    "sincronizado": true
  }
},
{
  "model": "inventario.movimientoinventario",
  "pk": 8,
  "fields": {
    "material": 3,
    "tipo": "salida",
    "cantidad": 30,
    "motivo": "orden #2",
    "referencia_id": 2,
    "usuario": 3,
    "fecha": "2026-04-25T03:12:34.229Z",
    "sincronizado": true
  }
},
{
  "model": "compras.compra",
  "pk": 1,
  "fields": {
    "proveedor": 1,
    "fecha": "2026-04-26T02:29:36.345Z",
    "total": "1425000.00",
    "estado": "recibida",
    "observaciones": "Compra inicial de stock",
    "usuario": null,
    "sincronizado": true
  }
},
{
  "model": "compras.compra",
  "pk": 2,
  "fields": {
    "proveedor": 1,
    "fecha": "2026-04-26T02:30:10.149Z",
    "total": "1425000.00",
    "estado": "recibida",
    "observaciones": "Compra inicial de stock",
    "usuario": null,
    "sincronizado": true
  }
},
{
  "model": "compras.compra",
  "pk": 3,
  "fields": {
    "proveedor": 1,
    "fecha": "2026-04-26T02:30:33.695Z",
    "total": "1425000.00",
    "estado": "recibida",
    "observaciones": "Compra inicial de stock",
    "usuario": null,
    "sincronizado": true
  }
},
{
  "model": "compras.compra",
  "pk": 4,
  "fields": {
    "proveedor": 1,
    "fecha": "2026-04-26T02:30:55.028Z",
    "total": "1425000.00",
    "estado": "recibida",
    "observaciones": "Compra inicial de stock",
    "usuario": null,
    "sincronizado": true
  }
},
{
  "model": "compras.compra",
  "pk": 5,
  "fields": {
    "proveedor": 1,
    "fecha": "2026-04-26T02:31:25.164Z",
    "total": "1425000.00",
    "estado": "recibida",
    "observaciones": "Compra inicial de stock",
    "usuario": null,
    "sincronizado": true
  }
},
{
  "model": "compras.compra",
  "pk": 6,
  "fields": {
    "proveedor": 1,
    "fecha": "2026-04-26T02:31:57.267Z",
    "total": "1425000.00",
    "estado": "recibida",
    "observaciones": "Compra inicial de stock",
    "usuario": null,
    "sincronizado": true
  }
},
{
  "model": "compras.detallecompra",
  "pk": 1,
  "fields": {
    "compra": 1,
    "material": 1,
    "cantidad": 50,
    "precio_unitario": "28500.00"
  }
},
{
  "model": "compras.detallecompra",
  "pk": 2,
  "fields": {
    "compra": 2,
    "material": 1,
    "cantidad": 50,
    "precio_unitario": "28500.00"
  }
},
{
  "model": "compras.detallecompra",
  "pk": 3,
  "fields": {
    "compra": 3,
    "material": 1,
    "cantidad": 50,
    "precio_unitario": "28500.00"
  }
},
{
  "model": "compras.detallecompra",
  "pk": 4,
  "fields": {
    "compra": 4,
    "material": 1,
    "cantidad": 50,
    "precio_unitario": "28500.00"
  }
},
{
  "model": "compras.detallecompra",
  "pk": 5,
  "fields": {
    "compra": 5,
    "material": 1,
    "cantidad": 50,
    "precio_unitario": "28500.00"
  }
},
{
  "model": "compras.detallecompra",
  "pk": 6,
  "fields": {
    "compra": 6,
    "material": 1,
    "cantidad": 50,
    "precio_unitario": "28500.00"
  }
},
{
  "model": "ordenes.orden",
  "pk": 1,
  "fields": {
    "cliente": 2,
    "conductor": 2,
    "direccion_origen": "Bodega Central",
    "direccion_destino": "cra 44",
    "fecha": "2026-04-25T03:12:33.823Z",
    "fecha_entrega_programada": "2026-06-04T22:03:00Z",
    "fecha_toma_entrega": "2026-04-25T03:00:50.522Z",
    "fecha_entrega_real": "2026-04-25T03:02:59.056Z",
    "estado": "entregado",
    "precio": "10047200.00",
    "sincronizado": true
  }
},
{
  "model": "ordenes.orden",
  "pk": 2,
  "fields": {
    "cliente": 2,
    "conductor": 2,
    "direccion_origen": "Bodega Central",
    "direccion_destino": "cra 44",
    "fecha": "2026-04-25T03:12:33.247Z",
    "fecha_entrega_programada": "2026-06-07T23:48:00Z",
    "fecha_toma_entrega": "2026-04-25T03:44:59.696Z",
    "fecha_entrega_real": null,
    "estado": "en_ruta",
    "precio": "8955330.00",
    "sincronizado": true
  }
},
{
  "model": "ordenes.detalleorden",
  "pk": 1,
  "fields": {
    "orden": 1,
    "material": 2,
    "cantidad": 80,
    "precio_unitario": "125590.00"
  }
},
{
  "model": "ordenes.detalleorden",
  "pk": 2,
  "fields": {
    "orden": 2,
    "material": 1,
    "cantidad": 80,
    "precio_unitario": "69012.00"
  }
},
{
  "model": "ordenes.detalleorden",
  "pk": 3,
  "fields": {
    "orden": 2,
    "material": 3,
    "cantidad": 30,
    "precio_unitario": "114479.00"
  }
},
{
  "model": "ordenes.entrega",
  "pk": 1,
  "fields": {
    "pedido": 1,
    "conductor": 2,
    "vehiculo": 1,
    "fecha": "2026-04-25T22:32:36.269Z",
    "fecha_finalizacion": null,
    "estado": "entregado",
    "sincronizado": true
  }
},
{
  "model": "ordenes.entrega",
  "pk": 2,
  "fields": {
    "pedido": 2,
    "conductor": 2,
    "vehiculo": 1,
    "fecha": "2026-04-25T22:32:35.875Z",
    "fecha_finalizacion": null,
    "estado": "en_ruta",
    "sincronizado": true
  }
},
{
  "model": "facturacion.factura",
  "pk": 1,
  "fields": {
    "numero": "F-000001",
    "orden": 1,
    "cliente": 3,
    "fecha_emision": "2026-04-25T03:02:59.073Z",
    "subtotal": "10047200.00",
    "iva": "0.00",
    "total": "10047200.00",
    "estado": "pagada",
    "sincronizado": true
  }
},
{
  "model": "pagos.pago",
  "pk": 1,
  "fields": {
    "factura": 1,
    "monto": "8000.00",
    "metodo": "transferencia",
    "referencia": "",
    "fecha": "2026-04-25T03:04:42.186Z",
    "registrado_por": 1,
    "sincronizado": true
  }
},
{
  "model": "pagos.pago",
  "pk": 2,
  "fields": {
    "factura": 1,
    "monto": "10039.00",
    "metodo": "efectivo",
    "referencia": "",
    "fecha": "2026-04-25T03:06:13.903Z",
    "registrado_por": 1,
    "sincronizado": true
  }
},
{
  "model": "pagos.pago",
  "pk": 3,
  "fields": {
    "factura": 1,
    "monto": "100000.00",
    "metodo": "efectivo",
    "referencia": "",
    "fecha": "2026-04-25T22:32:37.033Z",
    "registrado_por": 1,
    "sincronizado": true
  }
},
{
  "model": "pagos.pago",
  "pk": 4,
  "fields": {
    "factura": 1,
    "monto": "99.00",
    "metodo": "efectivo",
    "referencia": "",
    "fecha": "2026-04-25T22:32:37.344Z",
    "registrado_por": 1,
    "sincronizado": true
  }
},
{
  "model": "pagos.pago",
  "pk": 5,
  "fields": {
    "factura": 1,
    "monto": "99000.00",
    "metodo": "efectivo",
    "referencia": "",
    "fecha": "2026-04-25T22:32:37.649Z",
    "registrado_por": 1,
    "sincronizado": true
  }
},
{
  "model": "pagos.pago",
  "pk": 6,
  "fields": {
    "factura": 1,
    "monto": "21710.00",
    "metodo": "efectivo",
    "referencia": "",
    "fecha": "2026-04-25T22:32:37.959Z",
    "registrado_por": 1,
    "sincronizado": true
  }
},
{
  "model": "pagos.pago",
  "pk": 7,
  "fields": {
    "factura": 1,
    "monto": "238848.00",
    "metodo": "efectivo",
    "referencia": "",
    "fecha": "2026-04-25T22:32:38.278Z",
    "registrado_por": 1,
    "sincronizado": true
  }
},
{
  "model": "pagos.pago",
  "pk": 8,
  "fields": {
    "factura": 1,
    "monto": "9569504.00",
    "metodo": "transferencia",
    "referencia": "",
    "fecha": "2026-04-25T22:32:38.583Z",
    "registrado_por": 1,
    "sincronizado": true
  }
},
{
  "model": "historial.historial",
  "pk": 1,
  "fields": {
    "usuario": 1,
    "accion": "login",
    "modulo": "usuarios",
    "elemento_id": "1",
    "descripcion": "Inicio de sesión: Edward_Fonseca",
    "fecha_hora": "2026-04-24T04:46:24.117Z",
    "ip_address": "127.0.0.1",
    "sincronizado": true
  }
},
{
  "model": "historial.historial",
  "pk": 2,
  "fields": {
    "usuario": 1,
    "accion": "logout",
    "modulo": "usuarios",
    "elemento_id": "1",
    "descripcion": "Cierre de sesión del usuario: Edward_Fonseca",
    "fecha_hora": "2026-04-24T04:46:53.516Z",
    "ip_address": "127.0.0.1",
    "sincronizado": true
  }
},
{
  "model": "historial.historial",
  "pk": 3,
  "fields": {
    "usuario": null,
    "accion": "crear",
    "modulo": "usuarios",
    "elemento_id": "2",
    "descripcion": "Nuevo registro: camipenagoz345@gmail.com",
    "fecha_hora": "2026-04-24T04:47:58.096Z",
    "ip_address": "127.0.0.1",
    "sincronizado": true
  }
},
{
  "model": "historial.historial",
  "pk": 4,
  "fields": {
    "usuario": 2,
    "accion": "login",
    "modulo": "usuarios",
    "elemento_id": "2",
    "descripcion": "Inicio de sesión: camipenagoz345@gmail.com",
    "fecha_hora": "2026-04-24T04:48:10.907Z",
    "ip_address": "127.0.0.1",
    "sincronizado": true
  }
},
{
  "model": "historial.historial",
  "pk": 5,
  "fields": {
    "usuario": 2,
    "accion": "logout",
    "modulo": "usuarios",
    "elemento_id": "2",
    "descripcion": "Cierre de sesión del usuario: camipenagoz345@gmail.com",
    "fecha_hora": "2026-04-24T04:48:47.525Z",
    "ip_address": "127.0.0.1",
    "sincronizado": true
  }
},
{
  "model": "historial.historial",
  "pk": 6,
  "fields": {
    "usuario": 1,
    "accion": "login",
    "modulo": "usuarios",
    "elemento_id": "1",
    "descripcion": "Inicio de sesión: Edward_Fonseca",
    "fecha_hora": "2026-04-24T04:49:07.204Z",
    "ip_address": "127.0.0.1",
    "sincronizado": true
  }
},
{
  "model": "historial.historial",
  "pk": 7,
  "fields": {
    "usuario": 1,
    "accion": "editar",
    "modulo": "usuarios",
    "elemento_id": "2",
    "descripcion": "Perfil de usuario editado: camipenagoz345@gmail.com",
    "fecha_hora": "2026-04-24T04:49:19.898Z",
    "ip_address": "127.0.0.1",
    "sincronizado": true
  }
},
{
  "model": "historial.historial",
  "pk": 8,
  "fields": {
    "usuario": 1,
    "accion": "logout",
    "modulo": "usuarios",
    "elemento_id": "1",
    "descripcion": "Cierre de sesión del usuario: Edward_Fonseca",
    "fecha_hora": "2026-04-24T04:50:35.192Z",
    "ip_address": "127.0.0.1",
    "sincronizado": true
  }
},
{
  "model": "historial.historial",
  "pk": 9,
  "fields": {
    "usuario": 2,
    "accion": "login",
    "modulo": "usuarios",
    "elemento_id": "2",
    "descripcion": "Inicio de sesión: camipenagoz345@gmail.com",
    "fecha_hora": "2026-04-25T22:32:54.957Z",
    "ip_address": "127.0.0.1",
    "sincronizado": true
  }
},
{
  "model": "historial.historial",
  "pk": 10,
  "fields": {
    "usuario": 2,
    "accion": "logout",
    "modulo": "usuarios",
    "elemento_id": "2",
    "descripcion": "Cierre de sesión del usuario: camipenagoz345@gmail.com",
    "fecha_hora": "2026-04-25T22:32:54.718Z",
    "ip_address": "127.0.0.1",
    "sincronizado": true
  }
},
{
  "model": "historial.historial",
  "pk": 11,
  "fields": {
    "usuario": 2,
    "accion": "login",
    "modulo": "usuarios",
    "elemento_id": "2",
    "descripcion": "Inicio de sesión: camipenagoz345@gmail.com",
    "fecha_hora": "2026-04-25T22:32:54.476Z",
    "ip_address": "127.0.0.1",
    "sincronizado": true
  }
},
{
  "model": "historial.historial",
  "pk": 12,
  "fields": {
    "usuario": 2,
    "accion": "logout",
    "modulo": "usuarios",
    "elemento_id": "2",
    "descripcion": "Cierre de sesión del usuario: camipenagoz345@gmail.com",
    "fecha_hora": "2026-04-25T22:32:54.231Z",
    "ip_address": "127.0.0.1",
    "sincronizado": true
  }
},
{
  "model": "historial.historial",
  "pk": 13,
  "fields": {
    "usuario": 1,
    "accion": "login",
    "modulo": "usuarios",
    "elemento_id": "1",
    "descripcion": "Inicio de sesión: Edward_Fonseca",
    "fecha_hora": "2026-04-25T22:32:53.990Z",
    "ip_address": "127.0.0.1",
    "sincronizado": true
  }
},
{
  "model": "historial.historial",
  "pk": 14,
  "fields": {
    "usuario": 1,
    "accion": "login",
    "modulo": "usuarios",
    "elemento_id": "1",
    "descripcion": "Inicio de sesión: Edward_Fonseca",
    "fecha_hora": "2026-04-25T22:32:53.751Z",
    "ip_address": "127.0.0.1",
    "sincronizado": true
  }
},
{
  "model": "historial.historial",
  "pk": 15,
  "fields": {
    "usuario": 3,
    "accion": "login",
    "modulo": "usuarios",
    "elemento_id": "3",
    "descripcion": "Inicio de sesión: Alvaro@gmail.com",
    "fecha_hora": "2026-04-25T22:32:53.487Z",
    "ip_address": "127.0.0.1",
    "sincronizado": true
  }
},
{
  "model": "historial.historial",
  "pk": 16,
  "fields": {
    "usuario": 1,
    "accion": "login",
    "modulo": "usuarios",
    "elemento_id": "1",
    "descripcion": "Inicio de sesión: Edward_Fonseca",
    "fecha_hora": "2026-04-25T22:32:53.251Z",
    "ip_address": "127.0.0.1",
    "sincronizado": true
  }
},
{
  "model": "historial.historial",
  "pk": 17,
  "fields": {
    "usuario": 1,
    "accion": "eliminar",
    "modulo": "usuarios",
    "elemento_id": "5",
    "descripcion": "Usuario eliminado: maria@test.com",
    "fecha_hora": "2026-04-25T22:32:53.010Z",
    "ip_address": "127.0.0.1",
    "sincronizado": true
  }
},
{
  "model": "historial.historial",
  "pk": 18,
  "fields": {
    "usuario": 1,
    "accion": "logout",
    "modulo": "usuarios",
    "elemento_id": "1",
    "descripcion": "Cierre de sesión del usuario: Edward_Fonseca",
    "fecha_hora": "2026-04-25T22:32:52.695Z",
    "ip_address": "127.0.0.1",
    "sincronizado": true
  }
},
{
  "model": "historial.historial",
  "pk": 19,
  "fields": {
    "usuario": 2,
    "accion": "login",
    "modulo": "usuarios",
    "elemento_id": "2",
    "descripcion": "Inicio de sesión: camipenagoz345@gmail.com",
    "fecha_hora": "2026-04-25T22:32:52.452Z",
    "ip_address": "127.0.0.1",
    "sincronizado": true
  }
},
{
  "model": "historial.historial",
  "pk": 20,
  "fields": {
    "usuario": 2,
    "accion": "logout",
    "modulo": "usuarios",
    "elemento_id": "2",
    "descripcion": "Cierre de sesión del usuario: camipenagoz345@gmail.com",
    "fecha_hora": "2026-04-25T22:32:52.205Z",
    "ip_address": "127.0.0.1",
    "sincronizado": true
  }
},
{
  "model": "historial.historial",
  "pk": 21,
  "fields": {
    "usuario": 3,
    "accion": "login",
    "modulo": "usuarios",
    "elemento_id": "3",
    "descripcion": "Inicio de sesión: Alvaro@gmail.com",
    "fecha_hora": "2026-04-25T22:32:51.967Z",
    "ip_address": "127.0.0.1",
    "sincronizado": true
  }
},
{
  "model": "historial.historial",
  "pk": 22,
  "fields": {
    "usuario": 3,
    "accion": "logout",
    "modulo": "usuarios",
    "elemento_id": "3",
    "descripcion": "Cierre de sesión del usuario: Alvaro@gmail.com",
    "fecha_hora": "2026-04-25T22:32:51.729Z",
    "ip_address": "127.0.0.1",
    "sincronizado": true
  }
},
{
  "model": "historial.historial",
  "pk": 23,
  "fields": {
    "usuario": 1,
    "accion": "login",
    "modulo": "usuarios",
    "elemento_id": "1",
    "descripcion": "Inicio de sesión: Edward_Fonseca",
    "fecha_hora": "2026-04-25T22:32:51.484Z",
    "ip_address": "127.0.0.1",
    "sincronizado": true
  }
},
{
  "model": "historial.historial",
  "pk": 24,
  "fields": {
    "usuario": 3,
    "accion": "login",
    "modulo": "usuarios",
    "elemento_id": "3",
    "descripcion": "Inicio de sesión: Alvaro@gmail.com",
    "fecha_hora": "2026-04-25T22:32:51.246Z",
    "ip_address": "127.0.0.1",
    "sincronizado": true
  }
},
{
  "model": "historial.historial",
  "pk": 25,
  "fields": {
    "usuario": 3,
    "accion": "logout",
    "modulo": "usuarios",
    "elemento_id": "3",
    "descripcion": "Cierre de sesión del usuario: Alvaro@gmail.com",
    "fecha_hora": "2026-04-25T22:32:51.003Z",
    "ip_address": "127.0.0.1",
    "sincronizado": true
  }
},
{
  "model": "historial.historial",
  "pk": 26,
  "fields": {
    "usuario": 1,
    "accion": "login",
    "modulo": "usuarios",
    "elemento_id": "1",
    "descripcion": "Inicio de sesión: Edward_Fonseca",
    "fecha_hora": "2026-04-25T22:32:50.766Z",
    "ip_address": "127.0.0.1",
    "sincronizado": true
  }
},
{
  "model": "historial.historial",
  "pk": 27,
  "fields": {
    "usuario": 1,
    "accion": "logout",
    "modulo": "usuarios",
    "elemento_id": "1",
    "descripcion": "Cierre de sesión del usuario: Edward_Fonseca",
    "fecha_hora": "2026-04-25T22:32:50.519Z",
    "ip_address": "127.0.0.1",
    "sincronizado": true
  }
},
{
  "model": "historial.historial",
  "pk": 28,
  "fields": {
    "usuario": 3,
    "accion": "login",
    "modulo": "usuarios",
    "elemento_id": "3",
    "descripcion": "Inicio de sesión: Alvaro@gmail.com",
    "fecha_hora": "2026-04-25T22:32:50.271Z",
    "ip_address": "127.0.0.1",
    "sincronizado": true
  }
},
{
  "model": "historial.historial",
  "pk": 29,
  "fields": {
    "usuario": 3,
    "accion": "logout",
    "modulo": "usuarios",
    "elemento_id": "3",
    "descripcion": "Cierre de sesión del usuario: Alvaro@gmail.com",
    "fecha_hora": "2026-04-25T22:32:50.029Z",
    "ip_address": "127.0.0.1",
    "sincronizado": true
  }
},
{
  "model": "historial.historial",
  "pk": 30,
  "fields": {
    "usuario": 1,
    "accion": "login",
    "modulo": "usuarios",
    "elemento_id": "1",
    "descripcion": "Inicio de sesión: Edward_Fonseca",
    "fecha_hora": "2026-04-25T22:32:49.778Z",
    "ip_address": "127.0.0.1",
    "sincronizado": true
  }
},
{
  "model": "historial.historial",
  "pk": 31,
  "fields": {
    "usuario": 1,
    "accion": "editar",
    "modulo": "pedidos",
    "elemento_id": "1",
    "descripcion": "Pedido asignado a conductor: Iván_Camilo con vehículo HGE312",
    "fecha_hora": "2026-04-25T22:32:49.541Z",
    "ip_address": "127.0.0.1",
    "sincronizado": true
  }
},
{
  "model": "historial.historial",
  "pk": 32,
  "fields": {
    "usuario": 1,
    "accion": "logout",
    "modulo": "usuarios",
    "elemento_id": "1",
    "descripcion": "Cierre de sesión del usuario: Edward_Fonseca",
    "fecha_hora": "2026-04-25T22:32:49.301Z",
    "ip_address": "127.0.0.1",
    "sincronizado": true
  }
},
{
  "model": "historial.historial",
  "pk": 33,
  "fields": {
    "usuario": 3,
    "accion": "login",
    "modulo": "usuarios",
    "elemento_id": "3",
    "descripcion": "Inicio de sesión: Alvaro@gmail.com",
    "fecha_hora": "2026-04-25T22:32:49.054Z",
    "ip_address": "127.0.0.1",
    "sincronizado": true
  }
},
{
  "model": "historial.historial",
  "pk": 34,
  "fields": {
    "usuario": 3,
    "accion": "logout",
    "modulo": "usuarios",
    "elemento_id": "3",
    "descripcion": "Cierre de sesión del usuario: Alvaro@gmail.com",
    "fecha_hora": "2026-04-25T22:32:48.815Z",
    "ip_address": "127.0.0.1",
    "sincronizado": true
  }
},
{
  "model": "historial.historial",
  "pk": 35,
  "fields": {
    "usuario": 2,
    "accion": "login",
    "modulo": "usuarios",
    "elemento_id": "2",
    "descripcion": "Inicio de sesión: camipenagoz345@gmail.com",
    "fecha_hora": "2026-04-25T22:32:48.581Z",
    "ip_address": "127.0.0.1",
    "sincronizado": true
  }
},
{
  "model": "historial.historial",
  "pk": 36,
  "fields": {
    "usuario": 2,
    "accion": "confirmar_entrega",
    "modulo": "pedidos",
    "elemento_id": "1",
    "descripcion": "Conductor confirmó entrega exitosa",
    "fecha_hora": "2026-04-25T22:32:48.342Z",
    "ip_address": "127.0.0.1",
    "sincronizado": true
  }
},
{
  "model": "historial.historial",
  "pk": 37,
  "fields": {
    "usuario": 2,
    "accion": "logout",
    "modulo": "usuarios",
    "elemento_id": "2",
    "descripcion": "Cierre de sesión del usuario: camipenagoz345@gmail.com",
    "fecha_hora": "2026-04-25T22:32:48.104Z",
    "ip_address": "127.0.0.1",
    "sincronizado": true
  }
},
{
  "model": "historial.historial",
  "pk": 38,
  "fields": {
    "usuario": 3,
    "accion": "login",
    "modulo": "usuarios",
    "elemento_id": "3",
    "descripcion": "Inicio de sesión: Alvaro@gmail.com",
    "fecha_hora": "2026-04-25T22:32:47.864Z",
    "ip_address": "127.0.0.1",
    "sincronizado": true
  }
},
{
  "model": "historial.historial",
  "pk": 39,
  "fields": {
    "usuario": 3,
    "accion": "logout",
    "modulo": "usuarios",
    "elemento_id": "3",
    "descripcion": "Cierre de sesión del usuario: Alvaro@gmail.com",
    "fecha_hora": "2026-04-25T22:32:47.616Z",
    "ip_address": "127.0.0.1",
    "sincronizado": true
  }
},
{
  "model": "historial.historial",
  "pk": 40,
  "fields": {
    "usuario": 1,
    "accion": "login",
    "modulo": "usuarios",
    "elemento_id": "1",
    "descripcion": "Inicio de sesión: Edward_Fonseca",
    "fecha_hora": "2026-04-25T22:32:47.374Z",
    "ip_address": "127.0.0.1",
    "sincronizado": true
  }
},
{
  "model": "historial.historial",
  "pk": 41,
  "fields": {
    "usuario": 1,
    "accion": "otro",
    "modulo": "pedidos",
    "elemento_id": "1",
    "descripcion": "Factura descargada por Edward_Fonseca",
    "fecha_hora": "2026-04-25T22:32:47.122Z",
    "ip_address": "127.0.0.1",
    "sincronizado": true
  }
},
{
  "model": "historial.historial",
  "pk": 42,
  "fields": {
    "usuario": 1,
    "accion": "login",
    "modulo": "usuarios",
    "elemento_id": "1",
    "descripcion": "Inicio de sesión: Edward_Fonseca",
    "fecha_hora": "2026-04-25T22:32:46.881Z",
    "ip_address": "127.0.0.1",
    "sincronizado": true
  }
},
{
  "model": "historial.historial",
  "pk": 43,
  "fields": {
    "usuario": 1,
    "accion": "editar",
    "modulo": "pedidos",
    "elemento_id": "2",
    "descripcion": "Pedido asignado a conductor: Iván_Camilo con vehículo HGE312",
    "fecha_hora": "2026-04-25T22:32:46.639Z",
    "ip_address": "127.0.0.1",
    "sincronizado": true
  }
},
{
  "model": "historial.historial",
  "pk": 44,
  "fields": {
    "usuario": 1,
    "accion": "logout",
    "modulo": "usuarios",
    "elemento_id": "1",
    "descripcion": "Cierre de sesión del usuario: Edward_Fonseca",
    "fecha_hora": "2026-04-25T22:32:46.389Z",
    "ip_address": "127.0.0.1",
    "sincronizado": true
  }
},
{
  "model": "historial.historial",
  "pk": 45,
  "fields": {
    "usuario": 3,
    "accion": "login",
    "modulo": "usuarios",
    "elemento_id": "3",
    "descripcion": "Inicio de sesión: Alvaro@gmail.com",
    "fecha_hora": "2026-04-25T22:32:46.143Z",
    "ip_address": "127.0.0.1",
    "sincronizado": true
  }
},
{
  "model": "historial.historial",
  "pk": 46,
  "fields": {
    "usuario": 3,
    "accion": "logout",
    "modulo": "usuarios",
    "elemento_id": "3",
    "descripcion": "Cierre de sesión del usuario: Alvaro@gmail.com",
    "fecha_hora": "2026-04-25T22:32:45.905Z",
    "ip_address": "127.0.0.1",
    "sincronizado": true
  }
},
{
  "model": "historial.historial",
  "pk": 47,
  "fields": {
    "usuario": 1,
    "accion": "login",
    "modulo": "usuarios",
    "elemento_id": "1",
    "descripcion": "Inicio de sesión: Edward_Fonseca",
    "fecha_hora": "2026-04-25T22:32:45.660Z",
    "ip_address": "127.0.0.1",
    "sincronizado": true
  }
},
{
  "model": "historial.historial",
  "pk": 48,
  "fields": {
    "usuario": 1,
    "accion": "editar",
    "modulo": "inventario",
    "elemento_id": "1",
    "descripcion": "Material editado: Cemento Argus",
    "fecha_hora": "2026-04-25T22:32:45.421Z",
    "ip_address": "127.0.0.1",
    "sincronizado": true
  }
},
{
  "model": "historial.historial",
  "pk": 49,
  "fields": {
    "usuario": 1,
    "accion": "editar",
    "modulo": "inventario",
    "elemento_id": "2",
    "descripcion": "Material editado: Arena de Rio",
    "fecha_hora": "2026-04-25T22:32:45.181Z",
    "ip_address": "127.0.0.1",
    "sincronizado": true
  }
},
{
  "model": "historial.historial",
  "pk": 50,
  "fields": {
    "usuario": 1,
    "accion": "editar",
    "modulo": "inventario",
    "elemento_id": "1",
    "descripcion": "Material editado: Cemento Argus",
    "fecha_hora": "2026-04-25T22:32:44.926Z",
    "ip_address": "127.0.0.1",
    "sincronizado": true
  }
},
{
  "model": "historial.historial",
  "pk": 51,
  "fields": {
    "usuario": 1,
    "accion": "editar",
    "modulo": "inventario",
    "elemento_id": "1",
    "descripcion": "Material editado: Cemento Argus",
    "fecha_hora": "2026-04-25T22:32:44.686Z",
    "ip_address": "127.0.0.1",
    "sincronizado": true
  }
},
{
  "model": "historial.historial",
  "pk": 52,
  "fields": {
    "usuario": 1,
    "accion": "editar",
    "modulo": "inventario",
    "elemento_id": "1",
    "descripcion": "Material editado: Cemento Argus",
    "fecha_hora": "2026-04-25T22:32:44.450Z",
    "ip_address": "127.0.0.1",
    "sincronizado": true
  }
},
{
  "model": "historial.historial",
  "pk": 53,
  "fields": {
    "usuario": 1,
    "accion": "editar",
    "modulo": "inventario",
    "elemento_id": "2",
    "descripcion": "Material editado: Arena de Rio",
    "fecha_hora": "2026-04-25T22:32:44.211Z",
    "ip_address": "127.0.0.1",
    "sincronizado": true
  }
},
{
  "model": "historial.historial",
  "pk": 54,
  "fields": {
    "usuario": 1,
    "accion": "editar",
    "modulo": "inventario",
    "elemento_id": "3",
    "descripcion": "Material editado: Varilla 1/2",
    "fecha_hora": "2026-04-25T22:32:43.949Z",
    "ip_address": "127.0.0.1",
    "sincronizado": true
  }
},
{
  "model": "historial.historial",
  "pk": 55,
  "fields": {
    "usuario": 1,
    "accion": "editar",
    "modulo": "inventario",
    "elemento_id": "4",
    "descripcion": "Material editado: Piedra Triturada",
    "fecha_hora": "2026-04-25T22:32:43.711Z",
    "ip_address": "127.0.0.1",
    "sincronizado": true
  }
},
{
  "model": "historial.historial",
  "pk": 56,
  "fields": {
    "usuario": 1,
    "accion": "editar",
    "modulo": "inventario",
    "elemento_id": "5",
    "descripcion": "Material editado: Ladrillo Común",
    "fecha_hora": "2026-04-25T22:32:43.459Z",
    "ip_address": "127.0.0.1",
    "sincronizado": true
  }
},
{
  "model": "historial.historial",
  "pk": 57,
  "fields": {
    "usuario": 1,
    "accion": "editar",
    "modulo": "inventario",
    "elemento_id": "1",
    "descripcion": "Material editado: Cemento Argus",
    "fecha_hora": "2026-04-25T22:32:43.212Z",
    "ip_address": "127.0.0.1",
    "sincronizado": true
  }
},
{
  "model": "historial.historial",
  "pk": 58,
  "fields": {
    "usuario": 1,
    "accion": "editar",
    "modulo": "inventario",
    "elemento_id": "1",
    "descripcion": "Material editado: Cemento Argus",
    "fecha_hora": "2026-04-25T22:32:42.964Z",
    "ip_address": "127.0.0.1",
    "sincronizado": true
  }
},
{
  "model": "historial.historial",
  "pk": 59,
  "fields": {
    "usuario": 1,
    "accion": "editar",
    "modulo": "inventario",
    "elemento_id": "2",
    "descripcion": "Material editado: Arena de Rio",
    "fecha_hora": "2026-04-25T22:32:42.724Z",
    "ip_address": "127.0.0.1",
    "sincronizado": true
  }
},
{
  "model": "historial.historial",
  "pk": 60,
  "fields": {
    "usuario": 1,
    "accion": "editar",
    "modulo": "inventario",
    "elemento_id": "3",
    "descripcion": "Material editado: Varilla 1/2",
    "fecha_hora": "2026-04-25T22:32:42.484Z",
    "ip_address": "127.0.0.1",
    "sincronizado": true
  }
},
{
  "model": "historial.historial",
  "pk": 61,
  "fields": {
    "usuario": 1,
    "accion": "editar",
    "modulo": "inventario",
    "elemento_id": "4",
    "descripcion": "Material editado: Piedra Triturada",
    "fecha_hora": "2026-04-25T22:32:42.243Z",
    "ip_address": "127.0.0.1",
    "sincronizado": true
  }
},
{
  "model": "historial.historial",
  "pk": 62,
  "fields": {
    "usuario": 1,
    "accion": "editar",
    "modulo": "inventario",
    "elemento_id": "5",
    "descripcion": "Material editado: Ladrillo Común",
    "fecha_hora": "2026-04-25T22:32:42.003Z",
    "ip_address": "127.0.0.1",
    "sincronizado": true
  }
},
{
  "model": "historial.historial",
  "pk": 63,
  "fields": {
    "usuario": 1,
    "accion": "login",
    "modulo": "usuarios",
    "elemento_id": "1",
    "descripcion": "Inicio de sesión: Edward_Fonseca",
    "fecha_hora": "2026-04-25T22:32:41.762Z",
    "ip_address": "127.0.0.1",
    "sincronizado": true
  }
},
{
  "model": "historial.historial",
  "pk": 64,
  "fields": {
    "usuario": 1,
    "accion": "login",
    "modulo": "usuarios",
    "elemento_id": "1",
    "descripcion": "Inicio de sesión: Edward_Fonseca",
    "fecha_hora": "2026-04-25T22:32:41.521Z",
    "ip_address": "127.0.0.1",
    "sincronizado": true
  }
},
{
  "model": "historial.historial",
  "pk": 65,
  "fields": {
    "usuario": 1,
    "accion": "login",
    "modulo": "usuarios",
    "elemento_id": "1",
    "descripcion": "Inicio de sesión: Edward_Fonseca",
    "fecha_hora": "2026-04-25T22:32:41.288Z",
    "ip_address": "127.0.0.1",
    "sincronizado": true
  }
},
{
  "model": "historial.historial",
  "pk": 66,
  "fields": {
    "usuario": 1,
    "accion": "login",
    "modulo": "usuarios",
    "elemento_id": "1",
    "descripcion": "Inicio de sesión: Edward_Fonseca",
    "fecha_hora": "2026-04-25T22:32:41.050Z",
    "ip_address": "127.0.0.1",
    "sincronizado": true
  }
},
{
  "model": "historial.historial",
  "pk": 67,
  "fields": {
    "usuario": 1,
    "accion": "login",
    "modulo": "usuarios",
    "elemento_id": "1",
    "descripcion": "Inicio de sesión: Edward_Fonseca",
    "fecha_hora": "2026-04-25T22:32:40.812Z",
    "ip_address": "127.0.0.1",
    "sincronizado": true
  }
},
{
  "model": "historial.historial",
  "pk": 68,
  "fields": {
    "usuario": 1,
    "accion": "login",
    "modulo": "usuarios",
    "elemento_id": "1",
    "descripcion": "Inicio de sesión: Edward_Fonseca",
    "fecha_hora": "2026-04-25T22:32:40.567Z",
    "ip_address": "127.0.0.1",
    "sincronizado": true
  }
},
{
  "model": "historial.historial",
  "pk": 69,
  "fields": {
    "usuario": 1,
    "accion": "login",
    "modulo": "usuarios",
    "elemento_id": "1",
    "descripcion": "Inicio de sesión: Edward_Fonseca",
    "fecha_hora": "2026-04-25T22:32:40.327Z",
    "ip_address": "127.0.0.1",
    "sincronizado": true
  }
},
{
  "model": "historial.historial",
  "pk": 70,
  "fields": {
    "usuario": 1,
    "accion": "login",
    "modulo": "usuarios",
    "elemento_id": "1",
    "descripcion": "Inicio de sesión: Edward_Fonseca",
    "fecha_hora": "2026-04-25T22:32:40.090Z",
    "ip_address": "127.0.0.1",
    "sincronizado": true
  }
},
{
  "model": "historial.historial",
  "pk": 71,
  "fields": {
    "usuario": 1,
    "accion": "login",
    "modulo": "usuarios",
    "elemento_id": "1",
    "descripcion": "Inicio de sesión: Edward_Fonseca",
    "fecha_hora": "2026-04-25T22:32:39.849Z",
    "ip_address": "127.0.0.1",
    "sincronizado": true
  }
},
{
  "model": "historial.historial",
  "pk": 72,
  "fields": {
    "usuario": 1,
    "accion": "login",
    "modulo": "usuarios",
    "elemento_id": "1",
    "descripcion": "Inicio de sesión: Edward_Fonseca",
    "fecha_hora": "2026-04-25T22:32:39.612Z",
    "ip_address": "127.0.0.1",
    "sincronizado": true
  }
},
{
  "model": "historial.historial",
  "pk": 73,
  "fields": {
    "usuario": null,
    "accion": "crear",
    "modulo": "usuarios",
    "elemento_id": "8",
    "descripcion": "Nuevo registro: eo3456@gmail.com",
    "fecha_hora": "2026-04-25T22:32:39.374Z",
    "ip_address": "127.0.0.1",
    "sincronizado": true
  }
},
{
  "model": "historial.historial",
  "pk": 74,
  "fields": {
    "usuario": 8,
    "accion": "login",
    "modulo": "usuarios",
    "elemento_id": "8",
    "descripcion": "Inicio de sesión: eo3456@gmail.com",
    "fecha_hora": "2026-04-25T22:32:39.136Z",
    "ip_address": "127.0.0.1",
    "sincronizado": true
  }
},
{
  "model": "historial.historial",
  "pk": 75,
  "fields": {
    "usuario": 1,
    "accion": "login",
    "modulo": "usuarios",
    "elemento_id": "1",
    "descripcion": "Inicio de sesión: Edward_Fonseca",
    "fecha_hora": "2026-04-25T22:32:38.895Z",
    "ip_address": "127.0.0.1",
    "sincronizado": true
  }
},
{
  "model": "historial.historial",
  "pk": 76,
  "fields": {
    "usuario": 1,
    "accion": "login",
    "modulo": "usuarios",
    "elemento_id": "1",
    "descripcion": "Inicio de sesión: Edward_Fonseca",
    "fecha_hora": "2026-04-25T23:15:33.617Z",
    "ip_address": "127.0.0.1",
    "sincronizado": true
  }
},
{
  "model": "historial.historial",
  "pk": 77,
  "fields": {
    "usuario": 1,
    "accion": "login",
    "modulo": "usuarios",
    "elemento_id": "1",
    "descripcion": "Inicio de sesión: Edward_Fonseca",
    "fecha_hora": "2026-04-26T02:21:47.500Z",
    "ip_address": "127.0.0.1",
    "sincronizado": true
  }
},
{
  "model": "historial.historial",
  "pk": 78,
  "fields": {
    "usuario": 1,
    "accion": "login",
    "modulo": "usuarios",
    "elemento_id": "1",
    "descripcion": "Inicio de sesión: Edward_Fonseca",
    "fecha_hora": "2026-04-26T02:34:25.694Z",
    "ip_address": "127.0.0.1",
    "sincronizado": true
  }
},
{
  "model": "historial.historial",
  "pk": 79,
  "fields": {
    "usuario": 1,
    "accion": "login",
    "modulo": "usuarios",
    "elemento_id": "1",
    "descripcion": "Inicio de sesión: Edward_Fonseca",
    "fecha_hora": "2026-04-26T04:31:17.867Z",
    "ip_address": "127.0.0.1",
    "sincronizado": true
  }
},
{
  "model": "historial.historial",
  "pk": 80,
  "fields": {
    "usuario": 1,
    "accion": "login",
    "modulo": "usuarios",
    "elemento_id": "1",
    "descripcion": "Inicio de sesión: Edward_Fonseca",
    "fecha_hora": "2026-04-26T04:35:23.700Z",
    "ip_address": "127.0.0.1",
    "sincronizado": true
  }
},
{
  "model": "historial.historial",
  "pk": 81,
  "fields": {
    "usuario": 1,
    "accion": "crear",
    "modulo": "usuarios",
    "elemento_id": "9",
    "descripcion": "Administrador creó usuario: johansebastian18@gmail.com como admin",
    "fecha_hora": "2026-04-26T04:36:21.954Z",
    "ip_address": "127.0.0.1",
    "sincronizado": true
  }
},
{
  "model": "historial.historial",
  "pk": 82,
  "fields": {
    "usuario": 1,
    "accion": "logout",
    "modulo": "usuarios",
    "elemento_id": "1",
    "descripcion": "Cierre de sesión del usuario: Edward_Fonseca",
    "fecha_hora": "2026-04-26T04:36:45.464Z",
    "ip_address": "127.0.0.1",
    "sincronizado": true
  }
},
{
  "model": "historial.historial",
  "pk": 83,
  "fields": {
    "usuario": 1,
    "accion": "login",
    "modulo": "usuarios",
    "elemento_id": "1",
    "descripcion": "Inicio de sesión: Edward_Fonseca",
    "fecha_hora": "2026-04-26T04:37:21.410Z",
    "ip_address": "127.0.0.1",
    "sincronizado": true
  }
},
{
  "model": "historial.historial",
  "pk": 84,
  "fields": {
    "usuario": 1,
    "accion": "editar",
    "modulo": "usuarios",
    "elemento_id": "8",
    "descripcion": "Perfil de usuario editado: eo3456@gmail.com",
    "fecha_hora": "2026-04-26T04:38:36.404Z",
    "ip_address": "127.0.0.1",
    "sincronizado": true
  }
},
{
  "model": "historial.historial",
  "pk": 85,
  "fields": {
    "usuario": 1,
    "accion": "logout",
    "modulo": "usuarios",
    "elemento_id": "1",
    "descripcion": "Cierre de sesión del usuario: Edward_Fonseca",
    "fecha_hora": "2026-04-26T04:38:39.841Z",
    "ip_address": "127.0.0.1",
    "sincronizado": true
  }
},
{
  "model": "historial.historial",
  "pk": 86,
  "fields": {
    "usuario": 8,
    "accion": "login",
    "modulo": "usuarios",
    "elemento_id": "8",
    "descripcion": "Inicio de sesión: eo3456@gmail.com",
    "fecha_hora": "2026-04-26T04:39:38.371Z",
    "ip_address": "127.0.0.1",
    "sincronizado": true
  }
},
{
  "model": "historial.historial",
  "pk": 87,
  "fields": {
    "usuario": 8,
    "accion": "login",
    "modulo": "usuarios",
    "elemento_id": "8",
    "descripcion": "Inicio de sesión: eo3456@gmail.com",
    "fecha_hora": "2026-04-26T04:44:14.791Z",
    "ip_address": "127.0.0.1",
    "sincronizado": true
  }
},
{
  "model": "historial.historial",
  "pk": 88,
  "fields": {
    "usuario": 1,
    "accion": "login",
    "modulo": "usuarios",
    "elemento_id": "1",
    "descripcion": "Inicio de sesión: Edward_Fonseca",
    "fecha_hora": "2026-04-27T18:37:24.124Z",
    "ip_address": "127.0.0.1",
    "sincronizado": true
  }
},
{
  "model": "historial.historial",
  "pk": 89,
  "fields": {
    "usuario": 1,
    "accion": "logout",
    "modulo": "usuarios",
    "elemento_id": "1",
    "descripcion": "Cierre de sesión del usuario: Edward_Fonseca",
    "fecha_hora": "2026-04-27T18:52:54.421Z",
    "ip_address": "127.0.0.1",
    "sincronizado": true
  }
},
{
  "model": "historial.historial",
  "pk": 90,
  "fields": {
    "usuario": 1,
    "accion": "login",
    "modulo": "usuarios",
    "elemento_id": "1",
    "descripcion": "Inicio de sesión: Edward_Fonseca",
    "fecha_hora": "2026-04-27T18:53:16.595Z",
    "ip_address": "127.0.0.1",
    "sincronizado": true
  }
},
{
  "model": "historial.historial",
  "pk": 91,
  "fields": {
    "usuario": 1,
    "accion": "login",
    "modulo": "usuarios",
    "elemento_id": "1",
    "descripcion": "Inicio de sesión: Edward_Fonseca",
    "fecha_hora": "2026-04-27T19:18:44.991Z",
    "ip_address": "127.0.0.1",
    "sincronizado": true
  }
},
{
  "model": "historial.historial",
  "pk": 92,
  "fields": {
    "usuario": 1,
    "accion": "otro",
    "modulo": "reportes",
    "elemento_id": null,
    "descripcion": "Reporte de clientes exportado a PDF",
    "fecha_hora": "2026-04-27T19:19:32.022Z",
    "ip_address": "127.0.0.1",
    "sincronizado": true
  }
},
{
  "model": "historial.historial",
  "pk": 93,
  "fields": {
    "usuario": 1,
    "accion": "otro",
    "modulo": "pedidos",
    "elemento_id": "1",
    "descripcion": "Factura descargada por Edward_Fonseca",
    "fecha_hora": "2026-04-27T19:19:42.874Z",
    "ip_address": "127.0.0.1",
    "sincronizado": true
  }
},
{
  "model": "historial.historial",
  "pk": 94,
  "fields": {
    "usuario": 1,
    "accion": "login",
    "modulo": "usuarios",
    "elemento_id": "1",
    "descripcion": "Inicio de sesión: Edward_Fonseca",
    "fecha_hora": "2026-04-29T19:14:56.924Z",
    "ip_address": "127.0.0.1",
    "sincronizado": true
  }
},
{
  "model": "historial.historial",
  "pk": 95,
  "fields": {
    "usuario": 1,
    "accion": "logout",
    "modulo": "usuarios",
    "elemento_id": "1",
    "descripcion": "Cierre de sesión del usuario: Edward_Fonseca",
    "fecha_hora": "2026-04-29T19:15:09.494Z",
    "ip_address": "127.0.0.1",
    "sincronizado": true
  }
},
{
  "model": "historial.historial",
  "pk": 96,
  "fields": {
    "usuario": 1,
    "accion": "login",
    "modulo": "usuarios",
    "elemento_id": "1",
    "descripcion": "Inicio de sesión: Edward_Fonseca",
    "fecha_hora": "2026-04-29T19:25:50.837Z",
    "ip_address": "127.0.0.1",
    "sincronizado": true
  }
},
{
  "model": "historial.historial",
  "pk": 97,
  "fields": {
    "usuario": 1,
    "accion": "logout",
    "modulo": "usuarios",
    "elemento_id": "1",
    "descripcion": "Cierre de sesión del usuario: Edward_Fonseca",
    "fecha_hora": "2026-04-29T19:26:18.871Z",
    "ip_address": "127.0.0.1",
    "sincronizado": true
  }
}
]
